Code Barre,Nom du Produit,Pays de Manufacture,Region de Manufacture,Latitude GPS,Longitude GPS,Nutriscore,Ecoscore,Marque,Marque de Distribution
00529570,"Jus multifruit, pur jus, multivitamine",Espagne,,40.463667,-3.74922,9.0,73.84479776846872,Marks & Spencer,Non
00816762,"Jus d'orange, maison",Royaume Uni,,55.378051,-3.435973,3.0,62.544546313688116,Marks&Spencer,Non
00988315,"Jus de pomme, pur jus",Pays Bas,,52.132633,5.291266,5.0,80.14016547336578,Marks & Spencer,Non
00993739,"Jus de pomme, pur jus",Royaume Uni,,55.378051,-3.435973,4.0,80.14016547336578,Marks & Spencer,Non
0222226260345,"Jus multifruit, pur jus, standard",France,,,,6.0,95.04479776846873,vitamont,Non
0250870023931,"Jus de pomme, pur jus",France,,,,4.0,103.19016547336578,U bio,Non
04142218,"Jus multifruit, pur jus, standard",Italie,,41.87194,12.56738,,73.84479776846872,"Pulco,Polenghi",Non
11016803,"Jus d'orange, maison",France,Île-de-France,48.8585799,2.2847017000000003,5.0,62.544546313688116,tropicana,Non
1200101466562,"Jus multifruit, pur jus, standard",Allemagne,,51.165691,10.451526,3.0,79.04672069723715,Ocean Spray,Non
12981702,"Jus multifruit, pur jus, standard",Turquie,,38.963745,35.243322,5.0,88.67003299119145,elite,Non
1301416092405,"Jus multifruit, pur jus, standard",France,Auvergne-Rhône-Alpes,45.7304251,4.8399377999999995,3.0,106.17992946278437,Au panier fermier,Non
17936859,"Jus de pomme, pur jus",France,Bretagne,48.1173421,-1.7075198,-3.0,104.42529716768144,plein fruit,Non
18149218,jus Multifruits,France,Grand Est,48.586321999999996,7.7170649000000004,4.0,,Trimm,Non
2000000017537,"Jus de pomme, pur jus",France,,,,5.0,104.26516547336578,Pressade,Non
2000000022177,"Jus d'orange, maison",Belgique,,50.503887,4.469936,2.0,62.544546313688116,Goldhorn,Non
2000000043066,"Jus de pomme, pur jus",France,,,,,95.14016547336578,Le p'tit Fausset,Non
2000000045785,"Jus de pomme, pur jus",France,,,,5.0,101.34016547336579,"McDonald's,Pressade",Non
2000000053463,"Jus de pomme, pur jus",France,Bretagne,48.1173421,-1.7075198,,103.19016547336578,"L'Arbre à Pommes, EARL Du Haut Plessis",Non
2000000069093,"Jus de pomme, pur jus",France,Nouvelle-Aquitaine,44.8350088,-0.5872689999999999,,80.14016547336578,Bordatto,Non
2000000070690,"Jus d'orange, maison",Espagne,,40.463667,-3.74922,3.0,85.53541116143384,Gilbert,Non
2000000112141,"Jus de pomme, pur jus",France,,,,5.0,112.47529716768143,Les Pomés,Non
2000003295081,"Jus multifruit, pur jus, multivitamine",France,,,,,106.17992946278437,Vaccari fruits,Non
2000700160927,"Jus multifruit, pur jus, standard",France,Grand Est,48.586321999999996,7.7170649000000004,,81.89479776846872,l'atelier de Clotilde,Non
20100124,"Jus d'orange, maison",France,Occitanie,43.60402020000001,1.4773114,,62.544546313688116,Leclerc,Non
2017000001737,"Jus de pomme, pur jus",France,,,,,112.47529716768143,arcaux,Non
20369866,"Jus multifruit, pur jus, standard",Allemagne,,51.165691,10.451526,6.0,73.84479776846872,"Solevita,vitafit",Non
20386451,"Jus de pomme, pur jus",Allemagne,,51.165691,10.451526,4.0,80.14016547336578,"Vitafit,Lidl",Non
20524746,"Jus multifruit, pur jus, standard",France,,,,6.0,73.84479776846872,Chef select to go,Non
20524753,"Jus multifruit, pur jus, standard",France,,,,10.0,73.84479776846872,Chef select to go,Non
20524760,"Jus multifruit, pur jus, standard",France,,,,1.0,73.84479776846872,Chef Select to go,Non
20646202,"Jus multifruit, pur jus, standard",Espagne,,40.463667,-3.74922,7.0,80.04479776846873,Sol&Mar,Non
20713539,"Jus de pomme, pur jus",France,,,,3.0,112.47529716768143,Saveurs de nos Régions,Non
20880507,"Jus multifruit, pur jus, standard",Espagne,,40.463667,-3.74922,10.0,73.84479776846872,Lidl,Oui
23281707,"Jus d'orange, maison",France,,,,6.0,87.08204631368811,paquito,Non
26001036,"Jus de pomme, pur jus",France,,,,4.0,80.14016547336578,FRUIMA,Non
26003580,"Jus multifruit, pur jus, standard",France,,,,2.0,82.96979776846872,Pur fruit,Non
26042145,"Jus multifruit, pur jus, standard",France,,,,4.0,73.84479776846872,"Fruima,Aldi",Non
26043852,"Jus multifruit, pur jus, standard",France,,,,7.0,73.84479776846872,"Pur Fruit Aldi,Pural,Pur fruits P'tit Déj",Non
3000012530004,"Jus multifruit, pur jus, standard",France,Guadeloupe,16.995971,-62.067641,2.0,73.84479776846872,,Non
3000072035297,"Jus de pomme, pur jus",France,Centre-Val de Loire,47.84133,1.9326591,,88.19016547336578,Les Vergers Launay,Non
3000072035334,"Jus de pomme, pur jus",France,Centre-Val de Loire,47.84133,1.9326591,,88.19016547336578,Les Vergers Launay,Non
3030400013000,"Jus de pomme, pur jus",France,Bretagne,48.1173421,-1.7075198,,88.19016547336578,La Cidrerie de Tromelin,Non
3030400013307,"Jus de pomme, pur jus",France,Bretagne,48.1173421,-1.7075198,,88.19016547336578,La Cidrerie de Tromelin,Non
3051800143234,"Jus d'orange, maison",Belgique,,50.503887,4.469936,2.0,71.66954631368812,Tropicana,Non
3051800804265,"Jus d'orange, maison",Belgique,,50.503887,4.469936,5.0,75.44506834210607,Tropicana,Non
3061435002899,Jus d'orange,France,,,,1.0,,Gusto debrio,Non
3092718623340,"Jus multifruit, pur jus, multivitamine",France,,,,-2.0,73.84479776846872,Fruit Shoot,Non
3100000027759,"Jus de pomme, pur jus",France,Grand Est,48.586321999999996,7.7170649000000004,5.0,80.14016547336578,Le fruitier,Non
3123340000046,"Jus d'orange, maison",France,,,,2.0,71.66954631368812,"Joker,Eckes Granini",Non
3123340001630,"Jus multifruit, pur jus, multivitamine",France,,,,4.0,82.96979776846872,Joker,Non
3123340003054,"Jus multifruit, pur jus, standard",France,,,,4.0,73.84479776846872,Joker,Non
3123340005966,"Jus multifruit, pur jus, standard",France,,,,4.0,73.84479776846872,Joker,Non
3123340008035,"Jus d'orange, maison",France,,,,2.0,63.86363230619979,Joker,Non
3123340008226,"Jus multifruit, pur jus, standard",France,,,,6.0,73.84479776846872,Joker,Non
3123340008493,"Jus de pomme, pur jus",France,,,,3.0,104.42529716768144,joker,Non
3123340008523,"Jus multifruit, pur jus, standard",France,,,,10.0,98.12992946278438,Joker,Non
3123340008646,"Jus multifruit, pur jus, standard",France,,,,6.0,73.84479776846872,Joker,Non
3123340009711,"Jus multifruit, pur jus, multivitamine",France,,,,4.0,82.96979776846872,Joker,Non
3123340010106,"Jus de pomme, pur jus",France,,,,3.0,80.14016547336578,Joker,Non
3123340444543,"Jus d'orange, maison",France,,,,3.0,62.544546313688116,Joker,Non
3123349011135,"Jus multifruit, pur jus, multivitamine",France,,,,4.0,73.84479776846872,Joker,Non
3123349011258,"Jus d'orange, maison",France,,,,2.0,71.66954631368812,Joker,Non
3123349013092,"Jus multifruit, pur jus, standard",France,,,,2.0,88.84479776846872,Joker,Non
3123349013337,"Jus d'orange, maison",France,Bourgogne-Franche-Comté,47.325183133641005,5.035672857142901,2.0,63.86363230619979,Joker,Non
3123349013443,"Jus multifruit, pur jus, multivitamine",France,,,,1.0,98.12992946278438,Joker,Non
3123349013474,"Jus multifruit, pur jus, standard",France,Bourgogne-Franche-Comté,47.325183133641005,5.035672857142901,0.0,73.84479776846872,Joker,Non
3123349013900,"Jus multifruit, pur jus, standard",France,,,,4.0,73.84479776846872,Joker,Non
3123349014037,"Jus de pomme, pur jus",France,,,,3.0,102.73848927457131,Joker,Non
3150500075552,"Jus de pomme, pur jus",France,,,,3.0,103.19016547336578,"Jfd,La Passion du Verger bio",Non
3151336900018,"Jus de pomme, pur jus",France,,,,,89.26516547336578,La Petite Reine,Non
3168930156772,"Jus de pomme, pur jus",France,Île-de-France,48.8585799,2.2847017000000003,4.0,80.14016547336578,Tropicana,Non
3222471081686,"Jus multifruit, pur jus, standard",France,,,,7.0,107.25492946278438,Casino,Oui
3222471081716,"Jus de pomme, pur jus",France,,,,3.0,89.26516547336578,Casino,Oui
3222471516881,"Jus d'orange, maison",France,Centre-Val de Loire,47.84133,1.9326591,3.0,62.544546313688116,Casino,Oui
3222471855133,"Jus d'orange, maison",France,,,,2.0,71.66954631368812,Casino,Oui
3222471855140,"Jus multifruit, pur jus, standard",France,Centre-Val de Loire,47.84133,1.9326591,1.0,73.84479776846872,Casino,Oui
3222471897911,"Jus multifruit, pur jus, standard",France,Centre-Val de Loire,47.84133,1.9326591,3.0,73.84479776846872,Casino,Oui
3222472708889,"Jus multifruit, pur jus, standard",France,Centre-Val de Loire,47.84133,1.9326591,3.0,73.84479776846872,Casino,Oui
3222473216246,"Jus multifruit, pur jus, standard",France,Centre-Val de Loire,47.84133,1.9326591,3.0,73.84479776846872,Casino,Oui
3222473216338,"Jus de pomme, pur jus",France,Centre-Val de Loire,47.84133,1.9326591,3.0,104.42529716768144,Casino,Oui
3222473216383,"Jus multifruit, pur jus, standard",France,Centre-Val de Loire,47.84133,1.9326591,3.0,73.84479776846872,Casino,Oui
3222473216420,"Jus multifruit, pur jus, standard",France,Centre-Val de Loire,47.84133,1.9326591,10.0,73.84479776846872,Casino,Oui
3222473274482,"Jus multifruit, pur jus, standard",France,Centre-Val de Loire,47.84133,1.9326591,6.0,73.84479776846872,Casino,Oui
3222473960149,"Jus multifruit, pur jus, standard",France,Centre-Val de Loire,47.84133,1.9326591,3.0,73.84479776846872,Casino,Oui
3222473960262,"Jus multifruit, pur jus, standard",Espagne,,40.463667,-3.74922,6.0,73.84479776846872,Casino,Oui
3222473960293,"Jus d'orange, maison",France,Centre-Val de Loire,47.84133,1.9326591,4.0,77.54454631368812,Casino,Oui
3222473960309,"Jus de pomme, pur jus",France,Centre-Val de Loire,47.84133,1.9326591,4.0,108.61348927457131,"Casino,Groupe Casino",Non
3222474224738,"Jus de pomme, pur jus",France,Centre-Val de Loire,47.84133,1.9326591,3.0,104.42529716768144,Casino,Oui
3222474741914,"Jus multifruit, pur jus, standard",France,,,,-3.0,73.84479776846872,Casino,Oui
3222475131219,"Jus d'orange, maison",France,Centre-Val de Loire,47.84133,1.9326591,2.0,62.544546313688116,Casino,Oui
3222475308543,"Jus multifruit, pur jus, standard",France,,,,9.0,94.16979776846873,Casino,Oui
3222475308550,"Jus multifruit, pur jus, multivitamine",France,,,,7.0,94.16979776846873,Casino,Oui
3222475308567,"Jus d'orange, maison",France,,,,-1.0,77.54454631368812,"Casino, Casino BIO",Non
3222475308604,"Jus multifruit, pur jus, standard",France,,,,4.0,94.16979776846873,"Casino Bio,Casino",Non
3222475308611,"Jus de pomme, pur jus",France,,,,4.0,100.46516547336579,Casino,Oui
3222475308628,"Jus multifruit, pur jus, standard",France,,,,10.0,94.16979776846873,"Casino Bio, Casino",Non
3222475308635,"Jus multifruit, pur jus, standard",France,,,,2.0,94.16979776846873,Casino,Oui
3222475465536,"Jus multifruit, pur jus, standard",France,,,,5.0,94.16979776846873,"Casino Bio, Casino",Non
3222475537516,"Jus multifruit, pur jus, standard",France,,,,6.0,73.84479776846872,Casino,Oui
3222475716720,"Jus de pomme, pur jus",France,Auvergne-Rhône-Alpes,45.7304251,4.8399377999999995,3.0,128.55029716768144,"Casino Bio,Casino",Non
3222475975516,"Jus multifruit, pur jus, standard",Espagne,,40.463667,-3.74922,5.0,73.84479776846872,Casino,Oui
3222476153029,"Jus multifruit, pur jus, standard",France,,,,3.0,88.84479776846872,Casino,Oui
3222476416599,"Jus de pomme, pur jus",France,,,,4.0,104.42529716768144,Casino,Oui
3222476446657,"Jus de pomme, pur jus",France,Bretagne,48.1173421,-1.7075198,5.0,112.47529716768143,"Casino Ca Vient D'Ici, Casino",Non
3222476446671,"Jus multifruit, pur jus, standard",France,Bretagne,48.1173421,-1.7075198,10.0,98.12992946278438,"Casino Ca Vient D'Ici,Casino",Non
3222476859846,"Jus multifruit, pur jus, standard",France,,,,5.0,73.84479776846872,"Casino Bio,Casino",Non
3229820780986,"Jus multifruit, pur jus, standard",Allemagne,,51.165691,10.451526,9.0,73.84479776846872,Bjorg,Non
3229820787558,"Jus multifruit, pur jus, standard",Italie,,41.87194,12.56738,-4.0,88.84479776846872,BJORG,Non
3229820788814,"Jus multifruit, pur jus, standard",Allemagne,,51.165691,10.451526,5.0,97.96979776846872,Bjorg,Non
3229820793078,"Jus multifruit, pur jus, standard",France,,,,3.0,96.89479776846872,BJORG,Non
3245390020390,"Jus de pomme, pur jus",France,,,,5.0,88.19016547336578,"Reflets de France,Carrefour",Non
3245392694322,"Jus multifruit, pur jus, standard",France,,,,1.0,73.84479776846872,Grand Jury,Non
3245411667979,"Jus d'orange, maison",France,Grand Est,48.586321999999996,7.7170649000000004,2.0,70.59454631368811,Carrefour,Oui
3245412697791,"Jus multifruit, pur jus, standard",France,Centre-Val de Loire,47.84133,1.9326591,8.0,73.84479776846872,Carrefour,Oui
3248340033006,"Jus multifruit, pur jus, multivitamine",France,Centre-Val de Loire,47.84133,1.9326591,6.0,88.84479776846872,Leader Price,Non
3248340033013,"Jus de pomme, pur jus",France,Centre-Val de Loire,47.84133,1.9326591,4.0,95.14016547336578,Leader Price,Non
3248340047867,"Jus multifruit, pur jus, standard",France,Centre-Val de Loire,47.84133,1.9326591,5.0,73.84479776846872,Les Purs Jus,Non
3250390001287,"Jus d'orange, maison",France,Centre-Val de Loire,47.84133,1.9326591,4.0,62.544546313688116,Paquito,Non
3250390001614,"Jus multifruit, pur jus, standard",France,Centre-Val de Loire,47.84133,1.9326591,-6.0,73.84479776846872,"paquito,Antartic,Intermarché,paquito2",Non
3250390576587,"Jus multifruit, pur jus, standard",France,Centre-Val de Loire,47.84133,1.9326591,10.0,82.96979776846872,"Paquito,Intermarché",Non
3250390576600,"Jus de pomme, pur jus",France,Centre-Val de Loire,47.84133,1.9326591,4.0,89.26516547336578,"Paquito,Intermarché",Non
3250390616092,"Jus d'orange, maison",France,Centre-Val de Loire,47.84133,1.9326591,5.0,68.88358577378888,"Paquito,Sélection des Mousquetaires,Les Mousquetaires",Non
3250390657415,"Jus d'orange, maison",France,Centre-Val de Loire,47.84133,1.9326591,4.0,68.88358577378888,"Paquito,Intermarché",Non
3250390774242,"Jus multifruit, pur jus, standard",France,,,,5.0,73.84479776846872,Paquito,Non
3250390825241,"Jus d'orange, maison",France,Centre-Val de Loire,47.84133,1.9326591,2.0,62.544546313688116,"Paquito,Sélection des Mousquetaires,Les Mousquetaires",Non
3250390888468,"Jus d'orange, maison",France,,,,4.0,62.544546313688116,Solal,Non
3250391176342,"Jus multifruit, pur jus, standard",France,,,,4.0,73.84479776846872,Paquito,Non
3250391530632,"Jus d'orange, maison",France,Centre-Val de Loire,47.84133,1.9326591,4.0,77.54454631368812,Paquito,Non
3250391530663,"Jus d'orange, maison",Espagne,,40.463667,-3.74922,1.0,62.544546313688116,"Paquito,Sélection Intermarché",Non
3250391532230,"Jus de pomme, pur jus",Espagne,,40.463667,-3.74922,4.0,104.26516547336578,Paquito,Non
3250391532261,"Jus de pomme, pur jus",France,Grand Est,48.586321999999996,7.7170649000000004,6.0,86.19016547336578,Paquito,Non
3250391670895,"Jus multifruit, pur jus, standard",France,Centre-Val de Loire,47.84133,1.9326591,6.0,73.84479776846872,"Paquito,Sélection des Mousquetaires,Les Mousquetaires",Non
3250391676583,"Jus de pomme, pur jus",France,Bretagne,48.1173421,-1.7075198,6.0,88.19016547336578,Itinéraire des Saveurs,Non
3250391676705,"Jus de pomme, pur jus",France,,,,7.0,95.14016547336578,Paquito,Non
3250391816750,"Jus d'orange, maison",France,,,,3.0,71.66954631368812,Netto,Non
3250391997312,"Jus multifruit, pur jus, multivitamine",Espagne,,40.463667,-3.74922,3.0,82.96979776846872,Paquito,Non
3250392222581,"Jus multifruit, pur jus, standard",Italie,,41.87194,12.56738,-6.0,96.89479776846872,Bouton d'Or,Non
3250392353087,"Jus de pomme, pur jus",France,Centre-Val de Loire,47.84133,1.9326591,7.0,108.61348927457131,"Paquito,Intermarché,Antartic,SIG,Combibloc,FSC",Non
3250392449506,Jus Multifruits Douceur des Iles,France,,,,14.0,,Paquito,Non
3250392571252,"Jus de pomme, pur jus",France,,,,4.0,95.14016547336578,Paquito,Non
3253070503262,"Jus multifruit, pur jus, standard",France,,,,6.0,73.84479776846872,Fruité,Non
3253070504504,"Jus multifruit, pur jus, multivitamine",France,,,,,82.96979776846872,Fruité,Non
3254560051850,"Jus multifruit, pur jus, standard",France,,,,9.0,79.16979776846873,"Auchan,L'oiseau,Auchan Production,Groupe Auchan",Non
3254566096176,"Jus multifruit, pur jus, standard",France,Centre-Val de Loire,47.84133,1.9326591,2.0,73.84479776846872,"Auchan,Auchan Production,Groupe Auchan",Non
3254566098545,"Jus multifruit, pur jus, standard",France,Centre-Val de Loire,47.84133,1.9326591,4.0,73.84479776846872,"Auchan,Auchan Production,Groupe Auchan",Non
3254690072015,"Jus d'orange, maison",France,,,,5.0,66.37360903999434,Pressade,Non
3254690072503,"Jus multifruit, pur jus, standard",France,,,,,73.84479776846872,Pressade,Non
3254690080003,"Jus d'orange, maison",France,Pays de la Loire,47.2482829,-1.5439361,3.0,86.66954631368812,Pressade,Non
3254690087309,"Jus de pomme, pur jus",France,,,,6.0,113.55029716768144,Pressade,Non
3254690088207,"Jus multifruit, pur jus, standard",France,,,,3.0,97.96979776846872,Pressade,Non
3254691586085,"Jus multifruit, pur jus, standard",France,,,,7.0,97.96979776846872,Pressade,Non
3254691586306,"Jus multifruit, pur jus, standard",France,,,,10.0,96.89479776846872,Pressade,Non
3254691586542,"Jus de pomme, pur jus",France,,,,5.0,80.14016547336578,Pressade,Non
3254691587655,"Jus multifruit, pur jus, multivitamine",France,,,,5.0,73.84479776846872,Pressade,Non
3256220023924,"Jus d'orange, maison",France,,,,4.0,77.54454631368812,"U Bio,U",Non
3256220063968,"Jus multifruit, pur jus, standard",France,,,,5.0,73.84479776846872,U,Oui
3256220122658,"Jus multifruit, pur jus, standard",France,,,,4.0,78.84479776846872,U,Oui
3256220177955,"Jus multifruit, pur jus, standard",France,,,,10.0,103.12992946278438,U,Oui
3256220369947,"Jus d'orange, maison",France,Pays de la Loire,47.2482829,-1.5439361,3.0,70.79454631368812,U,Oui
3256220862905,"Jus d'orange, maison",France,Centre-Val de Loire,47.84133,1.9326591,2.0,62.544546313688116,U,Oui
3256220887991,"Jus multifruit, pur jus, standard",France,,,,6.0,78.84479776846872,U,Oui
3256223027882,"Jus d'orange, maison",France,,,,2.0,62.544546313688116,U,Oui
3256223028285,"Jus d'orange, maison",France,Pays de la Loire,47.2482829,-1.5439361,4.0,68.61582923726704,U,Oui
3256223028292,"Jus d'orange, maison",France,,,,4.0,62.544546313688116,U,Oui
3256223028308,"Jus d'orange, maison",France,,,,2.0,62.544546313688116,U,Oui
3256223028353,"Jus multifruit, pur jus, standard",France,,,,5.0,73.84479776846872,U,Oui
3256223028384,"Jus de pomme, pur jus",France,,,,4.0,89.26516547336578,U,Oui
3256223028537,"Jus multifruit, pur jus, standard",France,,,,2.0,78.84479776846872,U,Oui
3256224239017,"Jus multifruit, pur jus, standard",France,,,,5.0,78.84479776846872,U,Oui
3256224239786,"Jus multifruit, pur jus, standard",France,,,,,73.84479776846872,U,Oui
3256224239796,"Jus multifruit, pur jus, standard",France,,,,6.0,78.84479776846872,U,Oui
3256224355137,"Jus d'orange, maison",France,,,,4.0,62.544546313688116,U,Oui
3256225426737,"Jus d'orange, maison",France,,,,3.0,62.544546313688116,U,Oui
3256226084578,"Jus multifruit, pur jus, standard",France,,,,6.0,88.84479776846872,"U Bio, U",Non
3256226384357,"Jus multifruit, pur jus, standard",France,,,,-2.0,88.84479776846872,"U Bio, U",Non
3256226385682,"Jus d'orange, maison",France,,,,4.0,67.54454631368812,U,Oui
3256227108488,"Jus multifruit, pur jus, standard",France,,,,7.0,98.12992946278438,"U enseigne,U",Non
3257980017666,"Jus multifruit, pur jus, standard",France,,,,10.0,82.96979776846872,Cora,Non
3257980039965,"Jus de pomme, pur jus",France,,,,4.0,84.46516547336579,Cora,Non
3257980129369,"Jus multifruit, pur jus, standard",France,,,,6.0,78.16979776846873,Cora,Non
3257980301802,"Jus multifruit, pur jus, standard",France,,,,2.0,82.96979776846872,Cora,Non
3257980755865,"Jus d'orange, maison",France,,,,2.0,71.66954631368812,Cora,Non
3257980978561,"Jus de pomme, pur jus",France,,,,3.0,80.14016547336578,Cora,Non
3257982161244,"Jus de pomme, pur jus",France,,,,7.0,99.46516547336579,Nature bio,Non
3257982269407,"Jus de pomme, pur jus",France,Centre-Val de Loire,47.84133,1.9326591,3.0,80.14016547336578,Cora,Non
3257982269438,"Jus d'orange, maison",France,,,,2.0,78.00858577378888,Cora,Non
3257982269469,"Jus multifruit, pur jus, standard",France,,,,5.0,82.96979776846872,Cora,Non
3257983844672,"Jus multifruit, pur jus, standard",France,,,,4.0,73.84479776846872,Cora,Non
3257984586274,"Jus d'orange, maison",France,Centre-Val de Loire,47.84133,1.9326591,2.0,62.544546313688116,Cora,Non
3258561300122,"Jus d'orange, maison",France,,,,2.0,84.59454631368811,Belle France,Non
3258561300214,"Jus multifruit, pur jus, standard",France,Centre-Val de Loire,47.84133,1.9326591,10.0,73.84479776846872,Belle France,Non
3258561300238,"Jus multifruit, pur jus, standard",France,,,,10.0,73.84479776846872,Belle France,Non
3258561300375,"Jus multifruit, pur jus, standard",France,Centre-Val de Loire,47.84133,1.9326591,1.0,79.16979776846873,"Belle France,Francap Distribution",Non
3258561301136,"Jus d'orange, maison",France,,,,3.0,62.544546313688116,Belle France,Non
3258561301198,"Jus d'orange, maison",France,,,,2.0,62.544546313688116,Belle France,Non
3258561301204,"Jus d'orange, maison",France,,,,2.0,62.544546313688116,Belle France,Non
3258561301518,"Jus multifruit, pur jus, standard",France,,,,4.0,73.84479776846872,Belle France,Non
3258561301563,"Jus de pomme, pur jus",France,Centre-Val de Loire,47.84133,1.9326591,4.0,80.14016547336578,"Belle France,Francap Distribution",Non
3260420060467,"Jus de pomme, pur jus",France,Pays de la Loire,47.2482829,-1.5439361,3.0,80.14016547336578,Kerisac,Non
3263855090412,"Jus d'orange, maison",France,,,,3.0,74.27298833636038,Leader Price,Non
3263855090627,"Jus multifruit, pur jus, standard",Allemagne,,51.165691,10.451526,5.0,79.16979776846873,"Le Prix ! gagnant,DLP (Distribution Leader Price),Groupe Casino,Fruits délice",Non
3263855090900,"Jus multifruit, pur jus, standard",France,,,,4.0,81.89479776846872,Leader Price,Non
3263855091136,"Jus multifruit, pur jus, standard",France,,,,10.0,73.84479776846872,Leader Price,Non
3263855091198,"Jus de pomme, pur jus",France,,,,3.0,80.14016547336578,Leader Price,Non
3263855091433,"Jus multifruit, pur jus, multivitamine",France,,,,4.0,73.84479776846872,Leader Price,Non
3263855091914,"Jus multifruit, pur jus, multivitamine",France,,,,3.0,82.96979776846872,Leader Price,Non
3263855092416,"Jus multifruit, pur jus, standard",France,,,,9.0,82.96979776846872,Leader Price,Non
3263855092935,"Jus d'orange, maison",France,,,,3.0,62.544546313688116,Leader Price,Non
3263855094229,"Jus d'orange, maison",France,,,,3.0,71.66954631368812,Leader Price,Non
3263855095622,"Jus multifruit, pur jus, standard",France,,,,3.0,88.84479776846872,Franprix,Oui
3263857097914,"Jus multifruit, pur jus, standard",Espagne,,40.463667,-3.74922,4.0,73.84479776846872,Leader Price,Non
3263859720612,"Jus multifruit, pur jus, standard",Autriche,,47.516231,14.550072,5.0,82.96979776846872,leader price,Non
3263859721213,"Jus multifruit, pur jus, multivitamine",Autriche,,47.516231,14.550072,,82.96979776846872,Leader Price,Non
3263859721718,"Jus d'orange, maison",Autriche,,47.516231,14.550072,4.0,71.66954631368812,Leader Price,Non
3263859721916,"Jus multifruit, pur jus, standard",Autriche,,47.516231,14.550072,2.0,82.96979776846872,leader price,Non
3263859722319,"Jus d'orange, maison",Autriche,,47.516231,14.550072,1.0,71.66954631368812,Leader Price,Non
3266190001488,"Jus de pomme, pur jus",Allemagne,,51.165691,10.451526,-3.0,119.42529716768144,La Vie Claire,Non
3266190001532,"Jus multifruit, pur jus, standard",Allemagne,,51.165691,10.451526,5.0,88.84479776846872,La Vie Claire,Non
3266190001549,"Jus d'orange, maison",Allemagne,,51.165691,10.451526,2.0,77.54454631368812,La Vie Claire,Non
3270160698356,"Jus multifruit, pur jus, standard",France,,,,-5.0,73.84479776846872,Picard,Non
3270190026884,"Jus d'orange, maison",France,,,,2.0,76.01787011489364,Carrefour,Oui
3270190119210,"Jus multifruit, pur jus, standard",France,,,,10.0,78.16979776846873,Carrefour,Oui
3270190191421,"Jus de pomme, pur jus",France,Centre-Val de Loire,47.84133,1.9326591,4.0,113.55029716768144,Carrefour,Oui
3271471000609,"Jus de pomme, pur jus",France,Bretagne,48.1173421,-1.7075198,4.0,112.47529716768143,Sous le pommier,Non
3271471000630,"Jus multifruit, pur jus, standard",France,Bretagne,48.1173421,-1.7075198,4.0,81.89479776846872,Sous le pommier,Non
3271471000661,"Jus de pomme, pur jus",France,Bretagne,48.1173421,-1.7075198,4.0,88.19016547336578,Sous le Pommier,Non
3274936042053,"Jus d'orange, maison",France,Bretagne,48.1173421,-1.7075198,3.0,71.66954631368812,Plein Fruit,Non
3274936102108,"Jus d'orange, maison",France,Bretagne,48.1173421,-1.7075198,,70.59454631368811,Plein Fruit,Non
3274936506005,"Jus d'orange, maison",France,,,,3.0,62.544546313688116,"BOPI,Sill",Non
3274936601007,"Jus d'orange, maison",France,Bretagne,48.1173421,-1.7075198,3.0,62.544546313688116,Plein Fruit,Non
3274936601106,"Jus de pomme, pur jus",France,Bretagne,48.1173421,-1.7075198,4.0,104.42529716768144,Plein Fruit,Non
3274936601304,"Jus multifruit, pur jus, standard",France,Bretagne,48.1173421,-1.7075198,4.0,73.84479776846872,Plein Fruit,Non
3274936601809,"Jus d'orange, maison",France,Bretagne,48.1173421,-1.7075198,3.0,71.66954631368812,Plein Fruit,Non
3274936602905,"Jus multifruit, pur jus, standard",France,,,,5.0,82.96979776846872,Plein Fruit,Non
3274936603100,"Jus de pomme, pur jus",France,Bretagne,48.1173421,-1.7075198,4.0,104.42529716768144,Plein Fruit,Non
3274936603209,"Jus multifruit, pur jus, standard",France,,,,6.0,82.96979776846872,Plein Fruit,Non
3280222801174,"Jus d'orange, maison",France,,,,2.0,62.544546313688116,Florette,Non
3288131211602,"Jus multifruit, pur jus, standard",France,,,,3.0,96.89479776846872,Vitabio,Non
3288131211817,"Jus multifruit, pur jus, standard",France,,,,1.0,81.89479776846872,Vitabio,Non
3288131600024,"Jus multifruit, pur jus, standard",France,,,,10.0,88.84479776846872,Kalibio,Non
3289196040046,"Jus d'orange, maison",France,Nouvelle-Aquitaine,44.8350088,-0.5872689999999999,,76.01787011489364,Le verger bio,Non
3289196040503,"Jus d'orange, maison",France,,,,1.0,85.39987653927554,"Jardin Bio,Léa Nature",Non
3289196040534,"Jus de pomme, pur jus",France,,,,4.0,120.09473496567033,"Le Jardin bio,Le verger bio,LEA Nature",Non
3289196040565,"Jus multifruit, pur jus, standard",France,,,,2.0,96.89479776846872,"Jardin Bio,Le verger bio",Non
3289196040626,"Jus multifruit, pur jus, standard",France,,,,5.0,81.89479776846872,Léa Nature,Non
3289196100252,"Jus multifruit, pur jus, standard",France,Nouvelle-Aquitaine,44.8350088,-0.5872689999999999,,73.84479776846872,Le verger bio,Non
3289196100337,"Jus multifruit, pur jus, standard",France,,,,0.0,94.89479776846872,Le verger bio,Non
3289196100368,"Jus multifruit, pur jus, multivitamine",France,,,,4.0,110.22232923675443,"Le Verger Bio,Léa Nature",Non
3289196260284,"Jus de pomme, pur jus",France,,,,4.0,128.55029716768144,Vitamont,Non
3289196260314,"Jus d'orange, maison",France,,,,1.0,77.54454631368812,Vitamont,Non
3289196400185,"Jus multifruit, pur jus, standard",France,Nouvelle-Aquitaine,44.8350088,-0.5872689999999999,9.0,113.12992946278438,Vitamont,Non
3289196500373,"Jus multifruit, pur jus, standard",France,,,,2.0,88.84479776846872,Vitamont,Non
3289196500502,"Jus d'orange, maison",France,Nouvelle-Aquitaine,44.8350088,-0.5872689999999999,1.0,79.34987653927554,Vitamont,Non
3289196500670,"Jus d'orange, maison",France,,,,1.0,72.468495178203,Vitamont,Non
3289196580078,"Jus multifruit, pur jus, standard",France,Nouvelle-Aquitaine,44.8350088,-0.5872689999999999,4.0,98.44365982895845,Vitamont,Non
3297760081029,"Jus multifruit, pur jus, multivitamine",France,,,,2.0,81.89479776846872,Charles & Alice,Non
3297760081531,"Jus multifruit, pur jus, standard",France,,,,2.0,106.17992946278437,Charles & Alice,Non
3301591000842,"Jus multifruit, pur jus, standard",France,Pays de la Loire,47.2482829,-1.5439361,7.0,113.12992946278438,Planet bio,Non
3301591001481,"Jus de pomme, pur jus",France,,,,5.0,128.55029716768144,Côteaux Nantais,Non
3320421990009,"Jus d'orange, maison",France,,,,,62.544546313688116,Cora,Non
3323356381003,"Jus de pomme, pur jus",France,,,,,88.19016547336578,Vergers de Sennevieres,Non
3331220001001,"Jus de pomme, pur jus",France,Pays de la Loire,47.2482829,-1.5439361,,88.19016547336578,Ferme Fruitière de la Hautière,Non
3331220001032,"Jus de pomme, pur jus",France,,,,,112.47529716768143,Ferme Fruitière de la Hautière,Non
3331220001070,"Jus multifruit, pur jus, standard",France,Pays de la Loire,47.2482829,-1.5439361,-3.0,81.89479776846872,Ferme fruitière de la Hautière,Non
3331720000016,"Jus de pomme, pur jus",France,,,,5.0,80.14016547336578,sautter,Non
3331720000382,"Jus multifruit, pur jus, multivitamine",France,Grand Est,48.586321999999996,7.7170649000000004,4.0,106.17992946278437,Sautter,Non
3331720000733,"Jus de pomme, pur jus",France,,,,-2.0,104.42529716768144,Sautter,Non
3331932000057,"Jus multifruit, pur jus, standard",France,,,,-1.0,73.84479776846872,Ulti,Non
3331934000055,"Jus multifruit, pur jus, standard",France,,,,1.0,73.84479776846872,"Ulti,Bert’s",Non
3338041001128,"Jus multifruit, pur jus, standard",France,Provence-Alpes-Côte d'Azur,43.305868,5.4018087,,88.84479776846872,Chatelain,Non
3346390000013,"Jus de pomme, pur jus",France,,,,4.0,112.47529716768143,Le verger de La Blottière,Non
3350031523205,"Jus multifruit, pur jus, standard",France,,,,0.0,82.96979776846872,"Monoprix,Monoprix Exploitation,Groupe Casino",Non
3350031523212,"Jus multifruit, pur jus, standard",France,,,,5.0,82.96979776846872,"Monoprix,Monoprix Exploitation,Groupe Casino",Non
3350031780295,"Jus d'orange, maison",France,,,,4.0,77.54454631368812,"Monoprix bio,Monoprix",Non
3350031790485,"Jus d'orange, maison",France,,,,2.0,62.544546313688116,Monoprix,Oui
3350031888748,"Jus multifruit, pur jus, standard",France,Centre-Val de Loire,47.84133,1.9326591,5.0,73.84479776846872,"Monoprix,Monoprix Exploitation,Groupe Casino",Non
3350031888755,"Jus multifruit, pur jus, standard",France,Centre-Val de Loire,47.84133,1.9326591,3.0,73.84479776846872,Monoprix,Oui
3350031888762,"Jus de pomme, pur jus",France,Centre-Val de Loire,47.84133,1.9326591,5.0,80.14016547336578,Monoprix,Oui
3350033039896,"Jus multifruit, pur jus, standard",France,Centre-Val de Loire,47.84133,1.9326591,-3.0,73.84479776846872,"Monoprix,Monoprix Exploitation,Groupe Casino",Non
3350033097063,"Jus multifruit, pur jus, standard",France,Centre-Val de Loire,47.84133,1.9326591,2.0,73.84479776846872,Monoprix,Oui
3350033259591,"Jus multifruit, pur jus, standard",France,Centre-Val de Loire,47.84133,1.9326591,2.0,73.84479776846872,Monoprix,Oui
3350033266513,"Jus d'orange, maison",France,,,,5.0,71.66954631368812,Monoprix P'tit Prix,Non
3350033334908,"Jus multifruit, pur jus, standard",Espagne,,40.463667,-3.74922,9.0,73.84479776846872,Monoprix,Oui
3350033594128,"Jus de pomme, pur jus",France,Nouvelle-Aquitaine,44.8350088,-0.5872689999999999,6.0,119.42529716768144,"Monoprix Bio,Monoprix",Non
3360920404454,"Jus de pomme, pur jus",France,Auvergne-Rhône-Alpes,45.7304251,4.8399377999999995,3.0,80.14016547336578,Le Clos fleuri,Non
3371733000030,"Jus de pomme, pur jus",France,,,,,88.19016547336578,Covifruit,Non
3392960020004,"Jus multifruit, pur jus, standard",France,,,,,81.89479776846872,Aux Vergers de Fleury,Non
3396410164430,"Jus multifruit, pur jus, multivitamine",France,,,,5.0,88.84479776846872,Evernat,Non
3396410164447,"Jus multifruit, pur jus, standard",France,,,,10.0,97.96979776846872,Evernat,Non
3396413707160,"Jus de pomme, pur jus",France,Île-de-France,48.8585799,2.2847017000000003,5.0,95.14016547336578,Evernat,Non
3410280005027,"Jus d'orange, maison",France,,,,3.0,71.66954631368812,Netto,Non
3410280022727,"Jus de pomme, pur jus",France,,,,4.0,89.26516547336578,Top Budget,Non
3413880075452,"Jus d'orange, maison",Belgique,,50.503887,4.469936,5.0,63.86363230619979,Artisans du Monde,Non
3413880075773,"Jus multifruit, pur jus, multivitamine",Belgique,,50.503887,4.469936,5.0,75.1638837609804,Artisans du Monde,Non
3423182102213,"Jus multifruit, pur jus, standard",France,,,,4.0,110.36812156967424,"Thomas le prince,Le Prince",Non
3423182102404,"Jus de pomme, pur jus",France,,,,5.0,88.19016547336578,Thomas le Prince,Non
3423182116005,"Jus multifruit, pur jus, standard",France,,,,5.0,98.12992946278438,Thomas Le Prince,Non
3439495402643,"Jus d'orange, maison",France,,,,4.0,62.544546313688116,Rochambeau,Non
3439495403268,"Jus d'orange, maison",Espagne,,40.463667,-3.74922,4.0,62.544546313688116,Gilbert,Non
3447870900004,"Jus de pomme, pur jus",France,Centre-Val de Loire,47.84133,1.9326591,3.0,88.19016547336578,"Tours'N,Tours'N fruits,Pomogil",Non
3454687005006,"Jus de pomme, pur jus",France,,,,7.0,127.47529716768143,Domaine de Moismont,Non
3481440006529,"Jus multifruit, pur jus, standard",France,,,,,106.17992946278437,Le Soleil du Conflent,Non
3489490000016,"Jus de pomme, pur jus",France,Hauts-de-France,50.6144068,3.1180785,4.0,127.47529716768143,De contesse,Non
3499603010436,"Jus d'orange, maison",France,Centre-Val de Loire,47.84133,1.9326591,4.0,62.544546313688116,"Extra Fruit,LM (Le Mutant),Les Coopérateurs de Normandie-Picardie",Non
3502110003317,"Jus multifruit, pur jus, multivitamine",Belgique,,50.503887,4.469936,6.0,73.84479776846872,"Tropicana,Tropicana Essentiels",Non
3502110003652,"Jus multifruit, pur jus, standard",Belgique,,50.503887,4.469936,5.0,73.84479776846872,Tropicana,Non
3502110004833,"Jus multifruit, pur jus, standard",Belgique,,50.503887,4.469936,4.0,73.84479776846872,Tropicana,Non
3502110005069,"Jus multifruit, pur jus, standard",Belgique,,50.503887,4.469936,9.0,98.12992946278438,Tropicana,Non
3502110005663,"Jus de pomme, pur jus",Belgique,,50.503887,4.469936,4.0,80.14016547336578,Tropicana,Non
3502110005670,"Jus de pomme, pur jus",Belgique,,50.503887,4.469936,4.0,80.14016547336578,Tropicana,Non
3502110006202,"Jus multifruit, pur jus, multivitamine",Belgique,,50.503887,4.469936,3.0,73.84479776846872,Tropicana,Non
3502110006219,"Jus multifruit, pur jus, standard",Belgique,,50.503887,4.469936,4.0,73.84479776846872,Tropicana,Non
3502110006226,"Jus multifruit, pur jus, standard",Belgique,,50.503887,4.469936,4.0,73.84479776846872,Tropicana,Non
3502110006677,"Jus d'orange, maison",Belgique,,50.503887,4.469936,2.0,62.544546313688116,Tropicana,Non
3502110006738,"Jus multifruit, pur jus, multivitamine",Belgique,,50.503887,4.469936,4.0,98.12992946278438,Tropicana,Non
3502110006806,"Jus d'orange, maison",Belgique,,50.503887,4.469936,4.0,62.544546313688116,Tropicana,Non
3502110007148,"Jus multifruit, pur jus, multivitamine",Belgique,,50.503887,4.469936,6.0,73.84479776846872,Tropicana,Non
3502110007155,"Jus multifruit, pur jus, standard",Belgique,,50.503887,4.469936,7.0,73.84479776846872,Tropicana,Non
3502110007162,"Jus d'orange, maison",Belgique,,50.503887,4.469936,4.0,62.544546313688116,Tropicana,Non
3502110007735,"Jus d'orange, maison",Belgique,,50.503887,4.469936,2.0,63.86363230619978,Tropicana,Non
3505040240197,"Jus multifruit, pur jus, standard",France,,,,6.0,101.45616771341366,"Vallée Verte,Périfruit",Non
3505040243044,"Jus multifruit, pur jus, standard",France,,,,3.0,106.17992946278437,Vallee verte,Non
3505391015002,"Jus de pomme, pur jus",France,,,,6.0,104.26516547336578,Margerie,Non
3505931031002,"Jus multifruit, pur jus, standard",France,,,,6.0,96.89479776846872,Margerie,Non
3505931101002,"Jus multifruit, pur jus, standard",France,Auvergne-Rhône-Alpes,45.7304251,4.8399377999999995,5.0,96.89479776846872,Ferme bio Margerie,Non
3512030013693,"Jus de pomme, pur jus",France,Bretagne,48.1173421,-1.7075198,4.0,112.47529716768143,Sill,Non
3513030000980,"Jus de pomme, pur jus",France,Île-de-France,48.8585799,2.2847017000000003,,88.19016547336578,Les vergers d'Hardeville,Non
3514110000104,"Jus de pomme, pur jus",France,Normandie,49.433968799999995,1.0775888,,104.42529716768144,La Ferme de Billy,Non
3516130000201,"Jus de pomme, pur jus",France,,,,4.0,85.14016547336578,Spring Valley,Non
3516130002038,"Jus multifruit, pur jus, multivitamine",France,,,,4.0,73.84479776846872,Spring Valley,Non
3528780150038,"Jus multifruit, pur jus, standard",Italie,,41.87194,12.56738,-4.0,88.94688588214055,"Sans marque,Marcodis",Non
3528780160044,"Jus multifruit, pur jus, standard",Italie,,41.87194,12.56738,-4.0,73.84479776846872,Sans marque,Non
3529950000207,"Jus de pomme, pur jus",France,,,,4.0,112.47529716768143,Ferme du Theil,Non
3545420234002,"Jus de pomme, pur jus",France,Bretagne,48.1173421,-1.7075198,,125.62529716768144,pepin sonnant,Non
3545420235009,"Jus de pomme, pur jus",France,,,,6.0,119.42529716768144,Le P'tit Fausset,Non
3548020005508,"Jus de pomme, pur jus",France,,,,,128.55029716768144,Domaine de la Galotière,Non
3556000330014,"Jus de pomme, pur jus",France,,,,3.0,88.19016547336578,Alain milliat,Non
3556001010014,"Jus de pomme, pur jus",France,,,,10.0,88.19016547336578,Alain Milliat,Non
3556001010212,Jus De Pomme Cox's Orange,France,Auvergne-Rhône-Alpes,45.7304251,4.8399377999999995,6.0,,Alain milliat,Non
3556001010601,"Jus multifruit, pur jus, standard",France,,,,5.0,81.89479776846872,Alain Milliat,Non
3556009998468,"Jus multifruit, pur jus, standard",France,,,,5.0,81.89479776846872,Alain Milliat,Non
3556740097031,"Jus de pomme, pur jus",France,,,,4.0,80.14016547336578,TreeTop,Non
3556740097048,"Jus multifruit, pur jus, multivitamine",France,,,,5.0,73.84479776846872,Treetop,Non
3560070115044,"Jus multifruit, pur jus, standard",France,Centre-Val de Loire,47.84133,1.9326591,1.0,82.96979776846872,Carrefour,Oui
3560070117345,"Jus multifruit, pur jus, standard",France,Centre-Val de Loire,47.84133,1.9326591,5.0,82.96979776846872,"Carrefour,Groupe Carrefour",Non
3560070155804,"Jus d'orange, maison",France,,,,3.0,62.544546313688116,Carrefour,Oui
3560070155811,"Jus d'orange, maison",France,,,,5.0,65.00941953553138,Carrefour,Oui
3560070167470,"Jus d'orange, maison",France,,,,2.0,70.67452173381682,Carrefour,Oui
3560070275267,"Jus de pomme, pur jus",France,Centre-Val de Loire,47.84133,1.9326591,3.0,80.14016547336578,"Carrefour,CMI (Carrefour Marchandises Internationales),Groupe Carrefour",Non
3560070275298,"Jus multifruit, pur jus, standard",France,,,,5.0,73.84479776846872,Carrefour,Oui
3560070275328,"Jus multifruit, pur jus, standard",France,Centre-Val de Loire,47.84133,1.9326591,4.0,73.84479776846872,"Carrefour,CMI (Carrefour Marchandises Internationales),Groupe Carrefour",Non
3560070338290,"Jus d'orange, maison",France,,,,2.0,78.00858577378888,Carrefour Sélection,Non
3560070338313,"Jus multifruit, pur jus, standard",France,,,,7.0,81.02675998213846,Carrefour Sélection,Non
3560070338641,"Jus d'orange, maison",France,Centre-Val de Loire,47.84133,1.9326591,2.0,63.86363230619979,"Carrefour,CMI (Carrefour Marchandises Internationales),Groupe Carrefour",Non
3560070361458,"Jus d'orange, maison",France,Centre-Val de Loire,47.84133,1.9326591,2.0,71.66954631368812,"Grand Jury,CMI (Carrefour Marchandises Internationales),Groupe Carrefour",Non
3560070370504,"Jus de pomme, pur jus",France,Centre-Val de Loire,47.84133,1.9326591,4.0,80.14016547336578,Carrefour,Oui
3560070370566,"Jus d'orange, maison",France,Centre-Val de Loire,47.84133,1.9326591,2.0,79.79952173381682,Carrefour,Oui
3560070424252,"Jus d'orange, maison",Espagne,,40.463667,-3.74922,2.0,71.66954631368812,"Carrefour Discount,Produits Blancs",Non
3560070430215,"Jus multifruit, pur jus, standard",France,,,,4.0,73.84479776846872,Carrefour,Oui
3560070453245,"Jus multifruit, pur jus, standard",France,Centre-Val de Loire,47.84133,1.9326591,4.0,73.84479776846872,"Carrefour,CMI (Carrefour Marchandises Internationales),Groupe Carrefour",Non
3560070453276,"Jus d'orange, maison",France,Centre-Val de Loire,47.84133,1.9326591,2.0,63.86363230619979,"Carrefour,CMI (Carrefour Marchandises Internationales),Groupe Carrefour",Non
3560070453306,"Jus multifruit, pur jus, standard",Allemagne,,51.165691,10.451526,10.0,73.84479776846872,Carrefour,Oui
3560070457144,"Jus de pomme, pur jus",France,,,,5.0,89.26516547336578,Carrefour,Oui
3560070465347,"Jus multifruit, pur jus, standard",France,,,,10.0,73.84479776846872,Carrefour Sélection,Non
3560070471232,"Jus multifruit, pur jus, multivitamine",France,Centre-Val de Loire,47.84133,1.9326591,5.0,73.84479776846872,Carrefour,Oui
3560070478637,"Jus d'orange, maison",France,,,,3.0,62.544546313688116,Carrefour,Oui
3560070483471,"Jus multifruit, pur jus, standard",Italie,,41.87194,12.56738,-4.0,111.99688588214055,"Carrefour Bio,Carrefour",Non
3560070583348,"Jus multifruit, pur jus, standard",France,Centre-Val de Loire,47.84133,1.9326591,5.0,73.84479776846872,"Carrefour,CMI (Carrefour Marchandises Internationales),Groupe Carrefour",Non
3560070589012,"Jus d'orange, maison",France,,,,2.0,63.86363230619979,Grand Jury,Non
3560070705573,"Jus d'orange, maison",Espagne,,40.463667,-3.74922,3.0,77.48541116143384,Carrefour,Oui
3560070706075,"Jus d'orange, maison",Espagne,,40.463667,-3.74922,3.0,86.61041116143384,Carrefour,Oui
3560070706136,"Jus multifruit, pur jus, standard",Espagne,,40.463667,-3.74922,6.0,73.84479776846872,Carrefour,Oui
3560070728190,"Jus multifruit, pur jus, standard",France,Centre-Val de Loire,47.84133,1.9326591,5.0,79.16979776846873,"Carrefour Discount,CMI (Carrefour Marchandises Internationales),Groupe Carrefour",Non
3560070788521,"Jus multifruit, pur jus, standard",France,,,,4.0,73.84479776846872,Carrefour,Oui
3560070788583,"Jus multifruit, pur jus, standard",France,,,,4.0,73.84479776846872,Carrefour,Oui
3560070797462,"Jus multifruit, pur jus, standard",France,,,,10.0,98.12992946278438,Carrefour,Oui
3560070820511,"Jus multifruit, pur jus, standard",France,,,,-5.0,122.25492946278438,Carrefour,Oui
3560070820580,"Jus de pomme, pur jus",France,,,,5.0,104.26516547336578,"Grand Jury,CMI (Carrefour Marchandises Internationales),Groupe Carrefour",Non
3560070823246,"Jus d'orange, maison",France,Centre-Val de Loire,47.84133,1.9326591,2.0,62.544546313688116,Carrefour,Oui
3560070823253,"Jus d'orange, maison",France,,,,2.0,62.544546313688116,Carrefour,Oui
3560070825257,"Jus d'orange, maison",France,,,,,71.66954631368812,Produits blancs,Non
3560070828692,"Jus multifruit, pur jus, standard",France,,,,5.0,73.84479776846872,Carrefour,Oui
3560070829224,"Jus multifruit, pur jus, standard",France,,,,5.0,81.01979776846872,Carrefour Selection,Non
3560070858361,"Jus multifruit, pur jus, multivitamine",Espagne,,40.463667,-3.74922,6.0,87.31812156967425,Carrefour,Oui
3560070900497,"Jus multifruit, pur jus, standard",France,,,,10.0,106.17992946278437,Reflets de France,Non
3560070943968,"Jus d'orange, maison",France,Centre-Val de Loire,47.84133,1.9326591,2.0,76.01787011489364,Carrefour,Oui
3560071080112,"Jus d'orange, maison",France,,,,6.0,77.54454631368812,"Carrefour Bio,Carrefour",Non
3560071083656,"Jus multifruit, pur jus, standard",France,,,,6.0,81.89479776846872,"Carrefour Bio,Carrefour",Non
3560071106492,"Jus multifruit, pur jus, standard",Italie,,41.87194,12.56738,-4.0,73.84479776846872,En Cuisine,Non
3560071181130,"Jus multifruit, pur jus, standard",France,,,,,88.84479776846872,Carrefour BIO,Non
3560071182212,"Jus multifruit, pur jus, standard",France,,,,3.0,73.84479776846872,Carrefour,Oui
3562461001370,"Jus de pomme, pur jus",France,,,,,127.47529716768143,Les Vergers Launay,Non
3564700005880,"Jus multifruit, pur jus, standard",France,,,,5.0,107.25492946278438,"Jafaden,Marque Repère",Non
3564700449301,"Jus multifruit, pur jus, standard",France,,,,3.0,73.84479776846872,"Jafaden,Marque Repère",Non
3564706573178,"Jus de pomme, pur jus",France,,,,3.0,119.42529716768144,"Marque Repère, Récoltons l'avenir",Non
3564707080385,"Jus de pomme, pur jus",France,,,,3.0,108.61348927457131,"Bio Village,Marque Repère",Non
3564707095297,"Jus multifruit, pur jus, standard",Allemagne,,51.165691,10.451526,5.0,102.31812156967425,"Bio Village,Marque Repère",Non
3564707097963,"Jus d'orange, maison",Allemagne,,51.165691,10.451526,3.0,86.66954631368812,"Bio Village,Marque Repère",Non
3564707109611,"Jus multifruit, pur jus, standard",France,,,,3.0,88.84479776846872,"Bio Village,Marque Repère",Non
3564707129985,"Jus multifruit, pur jus, standard",Italie,,41.87194,12.56738,-4.0,103.94688588214055,"Bio Village,Marque Repère",Non
3564707138000,"Jus multifruit, pur jus, standard",France,,,,10.0,88.84479776846872,"Bio Village,Marque Repère",Non
3564707151320,"Jus multifruit, pur jus, standard",France,,,,5.0,96.44312156967425,Bio Village,Non
3564709002736,"Jus de pomme, pur jus",France,Bretagne,48.1173421,-1.7075198,4.0,104.42529716768144,"Nos Régions ont du Talent,Leclerc",Non
3564980000162,"Jus de pomme, pur jus",France,Bretagne,48.1173421,-1.7075198,4.0,88.19016547336578,Le Brun,Non
3564980444294,"Jus de pomme, pur jus",France,Bretagne,48.1173421,-1.7075198,4.0,88.19016547336578,Le Brun,Non
3580283510207,"Jus multifruit, pur jus, standard",France,,,,3.0,81.89479776846872,Agidra,Non
3580283510214,"Jus multifruit, pur jus, standard",France,,,,4.0,81.89479776846872,Agidra,Non
3580283510306,"Jus multifruit, pur jus, standard",France,,,,4.0,106.17992946278437,agidra,Non
3590590091306,"Jus multifruit, pur jus, standard",France,,,,6.0,81.89479776846872,Finesse des Vergers,Non
3591591215036,"Jus multifruit, pur jus, standard",France,,,,2.0,81.89479776846872,Natur' Pom,Non
3596710007233,"Jus de pomme, pur jus",France,Centre-Val de Loire,47.84133,1.9326591,4.0,80.14016547336578,"Auchan,L'oiseau,Auchan Production,Groupe Auchan",Non
3596710007264,"Jus d'orange, maison",France,Centre-Val de Loire,47.84133,1.9326591,2.0,62.544546313688116,"Auchan,L'oiseau,Auchan Production,Groupe Auchan",Non
3596710133352,"Jus multifruit, pur jus, standard",France,Pays de la Loire,47.2482829,-1.5439361,,79.16979776846873,"Auchan,Pouce,Auchan Production,Groupe Auchan",Non
3596710178315,"Jus d'orange, maison",France,,,,4.0,62.544546313688116,Auchan,Oui
3596710178773,"Jus multifruit, pur jus, standard",France,Centre-Val de Loire,47.84133,1.9326591,10.0,73.84479776846872,"Auchan,Auchan Production,Groupe Auchan",Non
3596710272891,"Jus d'orange, maison",France,Centre-Val de Loire,47.84133,1.9326591,5.0,62.544546313688116,"Auchan,L'oiseau,Auchan Production,Groupe Auchan",Non
3596710281978,"Jus multifruit, pur jus, standard",France,Centre-Val de Loire,47.84133,1.9326591,5.0,82.96979776846872,"Auchan,L'oiseau,Auchan Production,Groupe Auchan",Non
3596710284214,"Jus de pomme, pur jus",France,Pays de la Loire,47.2482829,-1.5439361,5.0,85.46516547336579,"Auchan,Auchan Production,Groupe Auchan",Non
3596710309634,"Jus d'orange, maison",France,Auvergne-Rhône-Alpes,45.7304251,4.8399377999999995,4.0,77.54454631368812,Auchan,Oui
3596710309641,"Jus de pomme, pur jus",France,,,,5.0,101.19016547336578,"Auchan,L'oiseau,mieux vivre BIO",Non
3596710323968,"Jus multifruit, pur jus, standard",France,Auvergne-Rhône-Alpes,45.7304251,4.8399377999999995,10.0,88.84479776846872,Auchan,Oui
3596710355174,"Jus multifruit, pur jus, standard",France,,,,6.0,73.84479776846872,Auchan,Oui
3596710357703,"Jus multifruit, pur jus, multivitamine",France,Centre-Val de Loire,47.84133,1.9326591,4.0,82.96979776846872,"Auchan,L'oiseau,Auchan Production,Groupe Auchan",Non
3596710366538,"Jus multifruit, pur jus, standard",France,,,,5.0,97.96979776846872,"Auchan,Auchan Bio",Non
3596710379903,"Jus d'orange, maison",France,Centre-Val de Loire,47.84133,1.9326591,2.0,62.544546313688116,Auchan,Oui
3596710389452,"Jus multifruit, pur jus, standard",France,,,,5.0,82.96979776846872,Auchan,Oui
3596710399819,"Jus multifruit, pur jus, multivitamine",France,Île-de-France,48.8585799,2.2847017000000003,4.0,73.84479776846872,Auchan,Oui
3596710400645,"Jus d'orange, maison",France,,,,4.0,86.66954631368812,"Auchan,Auchan Bio",Non
3596710404476,"Jus de pomme, pur jus",France,Bretagne,48.1173421,-1.7075198,5.0,113.55029716768144,Mmm !,Non
3596710404483,"Jus multifruit, pur jus, standard",France,Bretagne,48.1173421,-1.7075198,10.0,82.96979776846872,"Auchan,Mmm!",Non
3596710408504,"Jus multifruit, pur jus, multivitamine",France,,,,4.0,73.84479776846872,Auchan,Oui
3596710413218,"Jus multifruit, pur jus, standard",Italie,,41.87194,12.56738,-4.0,88.84479776846872,Auchan,Oui
3596710420216,"Jus multifruit, pur jus, standard",Espagne,,40.463667,-3.74922,-3.0,88.84479776846872,Auchan,Oui
3596710460625,"Jus multifruit, pur jus, standard",France,,,,2.0,73.84479776846872,Auchan,Oui
3596710460861,"Jus multifruit, pur jus, standard",Espagne,,40.463667,-3.74922,2.0,73.84479776846872,Auchan,Oui
3596710462551,"Jus multifruit, pur jus, standard",France,Grand Est,48.586321999999996,7.7170649000000004,4.0,88.84479776846872,Auchan,Oui
3596710469758,"Jus de pomme, pur jus",France,Bretagne,48.1173421,-1.7075198,6.0,112.47529716768143,Auchan,Oui
3596710473113,"Jus multifruit, pur jus, standard",France,,,,10.0,96.89479776846872,Auchan,Oui
3596710473168,"Jus multifruit, pur jus, standard",France,,,,5.0,96.89479776846872,Auchan,Oui
3596710473205,"Jus de pomme, pur jus",France,,,,5.0,103.19016547336578,Auchan,Oui
3596710475285,"Jus multifruit, pur jus, standard",France,,,,6.0,96.89479776846872,Auchan,Oui
3596710477418,"Jus multifruit, pur jus, standard",Espagne,,40.463667,-3.74922,6.0,88.84479776846872,"Auchan,Auchan bio",Non
3596710756315,"Jus d'orange, maison",France,,,,4.0,62.544546313688116,Auchan,Oui
3608580711032,"Jus multifruit, pur jus, standard",France,,,,8.0,88.84479776846872,Sans marque,Non
3608580745013,"Jus multifruit, pur jus, multivitamine",France,Occitanie,43.60402020000001,1.4773114,5.0,73.84479776846872,Andros,Non
3608580787556,"Jus de pomme, pur jus",France,,,,5.0,80.14016547336578,Andros,Non
3608580938552,"Jus multifruit, pur jus, standard",France,,,,4.0,73.84479776846872,ANDROS,Non
3660992005451,"Jus de pomme, pur jus",France,,,,3.0,80.14016547336578,"Bien vu,bien vu!",Non
3663859000057,"Jus multifruit, pur jus, standard",France,,,,,106.17992946278437,Épicerise,Non
3663859000064,"Jus multifruit, pur jus, standard",France,,,,3.0,81.89479776846872,Épicerise,Non
3663859000088,"Jus multifruit, pur jus, standard",France,Pays de la Loire,47.2482829,-1.5439361,4.0,81.89479776846872,épicerise,Non
3700036900141,"Jus multifruit, pur jus, multivitamine",France,,,,7.0,96.89479776846872,Naturalia,Non
3700232011238,"Jus multifruit, pur jus, standard",France,Nouvelle-Aquitaine,44.8350088,-0.5872689999999999,3.0,106.17992946278437,vallée verte,Non
3700232091612,"Jus de pomme, pur jus",France,,,,7.0,88.19016547336578,Natural Dream,Non
3700311811278,"Jus d'orange, maison",France,Pays de la Loire,47.2482829,-1.5439361,3.0,71.66954631368812,Tous les jours,Non
3700311820966,"Jus multifruit, pur jus, standard",France,Centre-Val de Loire,47.84133,1.9326591,5.0,73.84479776846872,Tous les jours,Non
3700311864892,"Jus multifruit, pur jus, multivitamine",Allemagne,,51.165691,10.451526,3.0,73.84479776846872,Tous les jours,Non
3700311865806,"Jus d'orange, maison",France,Centre-Val de Loire,47.84133,1.9326591,2.0,62.544546313688116,"Tous les jours,Groupe Casino",Non
3700490801121,"Jus de pomme, pur jus",France,,,,4.0,88.19016547336578,"Sans marque,JFA,Jus de fruits d'Alsace",Non
3700490802401,"Jus de pomme, pur jus",France,Grand Est,48.586321999999996,7.7170649000000004,3.0,127.47529716768143,Jus de fruits d'Alsace,Non
3700490802715,"Jus multifruit, pur jus, multivitamine",France,,,,6.0,81.89479776846872,"JFA,Jus de fruits d'Alsace",Non
3700490809448,"Jus de pomme, pur jus",France,,,,4.0,112.67529716768144,"C'est qui le patron ?!,La marque du consommateur",Non
3700490892259,"Jus multifruit, pur jus, multivitamine",France,Grand Est,48.586321999999996,7.7170649000000004,4.0,81.89479776846872,,Non
3700656402964,"Jus multifruit, pur jus, standard",Italie,,41.87194,12.56738,1.0,96.89479776846872,"Very Veg,Corte del Gusto,Il Melograno",Non
3700723800631,"Jus de pomme, pur jus",France,,,,5.0,124.42529716768144,"Pommes Bio,Chamasson",Non
3700749300047,"Jus de pomme, pur jus",France,,,,5.0,88.19016547336578,Marcel Bio,Non
3700749300085,"Jus multifruit, pur jus, standard",France,,,,10.0,88.84479776846872,Marcel Bio,Non
3700749300108,"Jus de pomme, pur jus",France,,,,3.0,88.19016547336578,Marcel Bio,Non
3700785480031,"Jus d'orange, maison",France,,,,3.0,62.544546313688116,Bharlev,Non
3701205200000,"Jus de pomme, pur jus",France,Nouvelle-Aquitaine,44.8350088,-0.5872689999999999,5.0,112.47529716768143,Les vergers des Jouardières,Non
3760002090030,"Jus de pomme, pur jus",France,Bretagne,48.1173421,-1.7075198,,103.19016547336578,Le verger fleuri,Non
3760002690100,"Jus de pomme, pur jus",France,,,,3.0,112.47529716768143,Jean-Louis Bissardon,Non
3760002690124,"Jus multifruit, pur jus, standard",France,,,,2.0,106.17992946278437,Jean-Louis Bissardon,Non
3760002690148,"Jus multifruit, pur jus, standard",France,,,,3.0,106.17992946278437,Charrin Fruits,Non
3760002690278,"Jus d'orange, maison",France,,,,2.0,70.59454631368811,Jean-Louis Bissardon,Non
3760002698076,"Jus multifruit, pur jus, standard",France,,,,5.0,106.17992946278437,Charrin Fruits,Non
3760020504106,"Jus multifruit, pur jus, standard",France,,,,-3.0,88.84479776846872,"Jardin Bio,Léa Nature",Non
3760020504120,"Jus multifruit, pur jus, standard",France,,,,8.0,88.84479776846872,"Jardin Bio,Léa Nature",Non
3760033150055,"Jus de pomme, pur jus",France,Centre-Val de Loire,47.84133,1.9326591,3.0,88.19016547336578,Touraine Jus de pommes,Non
3760033150215,"Jus de pomme, pur jus",France,,,,3.0,88.19016547336578,Nature de pommes,Non
3760033150239,"Jus de pomme, pur jus",France,,,,3.0,88.19016547336578,"Nature de pommes,Touraine jus de pommes",Non
3760033151335,"Jus de pomme, pur jus",France,,,,3.0,95.14016547336578,Nature de pommes,Non
3760033181745,"Jus multifruit, pur jus, standard",Allemagne,,51.165691,10.451526,,127.25492946278439,,Non
3760034609200,"Jus multifruit, pur jus, standard",France,Auvergne-Rhône-Alpes,45.7304251,4.8399377999999995,4.0,102.31812156967425,Sans marque,Non
3760039050038,Jus de pomme 100% fruit,France,Occitanie,43.60402020000001,1.4773114,4.0,,les vergers de Cazillac,Non
3760039130082,"Jus de pomme, pur jus",France,,,,,104.42529716768144,Coat-Albert,Non
3760039450036,"Jus multifruit, pur jus, standard",France,Centre-Val de Loire,47.84133,1.9326591,2.0,88.84479776846872,"Biopom,Almata",Non
3760039450050,"Jus multifruit, pur jus, standard",France,Centre-Val de Loire,47.84133,1.9326591,4.0,88.84479776846872,"Biopom,Almata",Non
3760043800049,"Jus multifruit, pur jus, multivitamine",France,,,,3.0,98.12992946278438,"Le Père Defrance,SARL Deco-Jus",Non
3760043800056,"Jus multifruit, pur jus, standard",France,,,,4.0,81.89479776846872,Le père Defrance,Non
3760054735200,"Jus de pomme, pur jus",France,Bretagne,48.1173421,-1.7075198,13.0,88.19016547336578,vallée de la seiche,Non
3760054956070,"Jus de pomme, pur jus",France,,,,5.0,95.14016547336578,"Vergers Réginéens,Cidrerie Kerloïc",Non
3760057710013,"Jus de pomme, pur jus",France,,,,4.0,112.47529716768143,Fruité Comtois,Non
3760057710389,"Jus de pomme, pur jus",France,,,,4.0,103.19016547336578,Fruité Comtois,Non
3760057710426,"Jus de pomme, pur jus",France,Bourgogne-Franche-Comté,47.325183133641005,5.035672857142901,4.0,88.19016547336578,"ESAT la bergerie,Fruité la bergerie",Non
3760059740032,"Jus multifruit, pur jus, standard",France,,,,5.0,81.89479776846872,"Pays Lyonnais,Les Vergers Lyonnais",Non
3760066140054,"Jus multifruit, pur jus, standard",France,Auvergne-Rhône-Alpes,45.7304251,4.8399377999999995,3.0,81.89479776846872,Les fruits de Bourgogne,Non
3760067850525,"Jus de pomme, pur jus",France,Normandie,49.433968799999995,1.0775888,,119.42529716768144,Les Vergers de Ducy,Non
3760071710020,"Jus de pomme, pur jus",France,Bretagne,48.1173421,-1.7075198,,88.19016547336578,Cidrerie Benoit,Non
3760072380093,"Jus de pomme, pur jus",France,,,,,127.47529716768143,Les Vergers de l'Ille,Non
3760075480011,"Jus de pomme, pur jus",France,,,,,88.19016547336578,Vergers de Noslon,Non
3760079080262,"Jus de pomme, pur jus",France,,,,5.0,104.42529716768144,Des sève et des fruits,Non
3760088805009,"Jus multifruit, pur jus, standard",Italie,,41.87194,12.56738,-4.0,73.84479776846872,Délicemer,Non
3760091724250,"Jus multifruit, pur jus, multivitamine",France,,,,4.0,106.63423606736984,Ethiquable,Non
3760091727107,"Jus multifruit, pur jus, multivitamine",France,,,,5.0,98.62934076472456,Ethiquable,Non
3760091727251,"Jus multifruit, pur jus, multivitamine",France,,,,6.0,97.96979776846872,Ethiquable,Non
3760091729835,"Jus de pomme, pur jus",France,Occitanie,43.60402020000001,1.4773114,5.0,119.42529716768144,"Éthiquable,Paysans d'Ici",Non
3760091870018,"Jus multifruit, pur jus, standard",France,Île-de-France,48.8585799,2.2847017000000003,2.0,83.84479776846872,"Nubio,Atelier Nubio",Non
3760094820119,"Jus de pomme, pur jus",France,Nouvelle-Aquitaine,44.8350088,-0.5872689999999999,,88.19016547336578,"Association Deux-Sèvrienne de jus de fruits,Leclerc",Non
3760099400101,"Jus multifruit, pur jus, multivitamine",France,Bretagne,48.1173421,-1.7075198,-2.0,88.84479776846872,Yumi,Non
3760099400118,"Jus multifruit, pur jus, multivitamine",France,Bretagne,48.1173421,-1.7075198,1.0,88.84479776846872,Yumi,Non
3760099400156,"Jus multifruit, pur jus, multivitamine",France,Bretagne,48.1173421,-1.7075198,-2.0,88.84479776846872,YUMI,Non
3760099400224,"Jus multifruit, pur jus, standard",France,Bretagne,48.1173421,-1.7075198,5.0,93.84479776846872,Yumi,Non
3760121211163,"Jus d'orange, maison",France,,,,2.0,86.66954631368812,Biocoop,Non
3760121211293,"Jus multifruit, pur jus, standard",France,Occitanie,43.60402020000001,1.4773114,7.0,103.78566261621445,Biocoop,Non
3760121211460,"Jus multifruit, pur jus, standard",France,Occitanie,43.60402020000001,1.4773114,10.0,113.12992946278438,Biocoop,Non
3760121212614,"Jus multifruit, pur jus, standard",France,Occitanie,43.60402020000001,1.4773114,7.0,99.92375250340321,Biocoop,Non
3760121212641,"Jus multifruit, pur jus, standard",France,Occitanie,43.60402020000001,1.4773114,7.0,105.24875250340321,Biocoop,Non
3760121214997,"Jus de pomme, pur jus",France,Provence-Alpes-Côte d'Azur,43.305868,5.4018087,5.0,125.47529716768143,Biocoop,Non
3760122960077,"Jus multifruit, pur jus, standard",Espagne,,40.463667,-3.74922,0.0,73.84479776846872,Michel et Augustin,Non
3760122962200,"Jus d'orange, maison",Espagne,,40.463667,-3.74922,3.0,62.544546313688116,Michel et Augustin,Non
3760122965782,"Jus de pomme, pur jus",France,,,,4.0,80.14016547336578,Michel et Augustin,Non
3760123660440,"Jus d'orange, maison",Espagne,,40.463667,-3.74922,4.0,70.59454631368811,Jardin Naturel,Non
3760123660457,"Jus multifruit, pur jus, standard",Espagne,,40.463667,-3.74922,4.0,73.84479776846872,Bio,Non
3760125980300,"Jus multifruit, pur jus, standard",France,,,,9.0,106.17992946278437,"Saveurs,Saveurs du Terroirs,Nectars de Bourgogne",Non
3760125984230,"Jus de pomme, pur jus",France,,,,5.0,127.47529716768143,"Saveur des Terroirs,Nectars de Bourgogne",Non
3760131162097,"Jus d'orange, maison",France,,,,-2.0,70.59454631368811,Emile Vergeois,Non
3760134000549,"Jus de pomme, pur jus",France,,,,5.0,112.47529716768143,Alain Coquard,Non
3760150529956,"Jus multifruit, pur jus, standard",France,Occitanie,43.60402020000001,1.4773114,9.0,81.89479776846872,verger de Montdragon,Non
3760153400061,"Jus de pomme, pur jus",France,,,,6.0,103.19016547336578,La Ferme d'Hotte,Non
3760158690016,"Jus de pomme, pur jus",France,,,,4.0,88.19016547336578,Les Vergers Tellier,Non
3760169440006,"Jus de pomme, pur jus",France,Normandie,49.433968799999995,1.0775888,3.0,88.19016547336578,La Valse des Jus,Non
3760169440150,"Jus de pomme, pur jus",France,Normandie,49.433968799999995,1.0775888,-2.0,80.14016547336578,La Valse des Jus,Non
3760171920008,"Jus de pomme, pur jus",France,Bourgogne-Franche-Comté,47.325183133641005,5.035672857142901,,112.47529716768143,Les Vergers de Rioz,Non
3760186970043,"Jus multifruit, pur jus, standard",France,,,,4.0,97.96979776846872,Force Bio,Non
3760187940908,"Jus de pomme, pur jus",France,,,,6.0,104.42529716768144,GAEC de Mespleaux,Non
3760188800140,"Jus multifruit, pur jus, multivitamine",France,,,,4.0,126.17992946278437,Sans marque,Non
3760190652102,"Jus de pomme, pur jus",France,,,,5.0,127.47529716768143,"Juliet,Les Amis de Juliet",Non
3760190652119,"Jus de pomme, pur jus",France,Nouvelle-Aquitaine,44.8350088,-0.5872689999999999,5.0,103.19016547336578,Juliet,Non
3760195900017,"Jus de pomme, pur jus",France,Nouvelle-Aquitaine,44.8350088,-0.5872689999999999,2.0,88.19016547336578,Cœur' de pom,Non
3760195900024,"Jus de pomme, pur jus",France,Nouvelle-Aquitaine,44.8350088,-0.5872689999999999,3.0,88.19016547336578,Cœur de pom,Non
3760195900109,"Jus de pomme, pur jus",France,,,,5.0,104.42529716768144,Cœur' de Pomme,Non
3760195900246,"Jus de pomme, pur jus",France,,,,,128.55029716768144,"Les Jardins de l'Orbrie,Coeur de Pom",Non
3760195901649,"Jus de pomme, pur jus",France,Nouvelle-Aquitaine,44.8350088,-0.5872689999999999,4.0,112.47529716768143,Coeur de Pom',Non
3760195902219,"Jus de pomme, pur jus",France,Nouvelle-Aquitaine,44.8350088,-0.5872689999999999,5.0,119.42529716768144,Cœur de Pom',Non
3760218780015,"Jus de pomme, pur jus",France,,,,3.0,88.19016547336578,La Guissonnière,Non
3760224570013,"Jus d'orange, maison",France,,,,4.0,86.66954631368812,Les Fées Bio,Non
3760224570037,"Jus de pomme, pur jus",France,Occitanie,43.60402020000001,1.4773114,2.0,95.14016547336578,Les Fées Bio,Non
3760224570112,"Jus multifruit, pur jus, standard",France,Occitanie,43.60402020000001,1.4773114,10.0,97.96979776846872,Les fées bio,Non
3760225491041,"Jus d'orange, maison",France,,,,2.0,76.01787011489364,Cidou,Non
3760225491072,"Jus multifruit, pur jus, multivitamine",France,,,,3.0,73.84479776846872,Cidou,Non
3760225491133,"Jus de pomme, pur jus",France,,,,3.0,80.14016547336578,Cidou,Non
3760225491164,"Jus multifruit, pur jus, standard",France,,,,5.0,81.89479776846872,Cidou,Non
3760225491805,"Jus multifruit, pur jus, standard",France,,,,6.0,97.96979776846872,Cidou,Non
3760225492147,"Jus d'orange, maison",France,,,,2.0,62.544546313688116,Cidou,Non
3760225493113,"Jus multifruit, pur jus, multivitamine",France,,,,2.0,88.84479776846872,Cidou,Non
3760225493502,"Jus multifruit, pur jus, standard",France,,,,0.0,73.84479776846872,Cidou,Non
3760225493533,"Jus de pomme, pur jus",France,,,,0.0,80.14016547336578,Cidou,Non
3760225493564,"Jus multifruit, pur jus, multivitamine",France,,,,0.0,73.84479776846872,Cidou,Non
3760245730007,"Jus multifruit, pur jus, standard",France,,,,6.0,107.80087919413195,Nopai,Non
3760245730038,"Jus multifruit, pur jus, standard",France,,,,6.0,92.80087919413195,"Nopaï,Nopalnutra,Tetra Pak",Non
3760258250066,"Jus multifruit, pur jus, standard",Espagne,,40.463667,-3.74922,-1.0,88.84479776846872,Paf,Non
3770000432022,"Jus de pomme, pur jus",France,Auvergne-Rhône-Alpes,45.7304251,4.8399377999999995,-2.0,112.47529716768143,Les Vergers de la Silve,Non
3770000858136,"Jus multifruit, pur jus, standard",Turquie,,38.963745,35.243322,7.0,96.89479776846872,Biofrutti,Non
3770002316283,"Jus multifruit, pur jus, standard",France,,,,-5.0,73.84479776846872,Vaïvaï,Non
3770005323073,"Jus de pomme, pur jus",France,,,,4.0,88.19016547336578,Watibulle,Non
3770005803001,"Jus multifruit, pur jus, standard",Turquie,,38.963745,35.243322,9.0,103.67003299119145,Les Jardins de Roxelane,Non
3770005803025,"Jus multifruit, pur jus, standard",Turquie,,38.963745,35.243322,5.0,103.67003299119145,Ben Organic,Non
3770005803070,"Jus multifruit, pur jus, standard",Turquie,,38.963745,35.243322,3.0,103.67003299119145,Les Jardins de Roxelane,Non
3770005803087,"Jus multifruit, pur jus, standard",Turquie,,38.963745,35.243322,-6.0,103.67003299119145,Les Jardins de Roxelane,Non
3770006565014,"Jus d'orange, maison",France,,,,3.0,62.544546313688116,Juste Pressé,Non
3770009733724,"Jus d'orange, maison",France,,,,3.0,62.544546313688116,Sains et Saufs,Non
3770012535018,"Jus multifruit, pur jus, standard",France,Centre-Val de Loire,47.84133,1.9326591,2.0,98.12992946278438,NoFilter,Non
3770014111005,"Jus de pomme, pur jus",France,Hauts-de-France,50.6144068,3.1180785,3.0,103.19016547336578,BioDemain,Non
3770014852007,"Jus de pomme, pur jus",France,,,,1.0,88.19016547336578,Cupana,Non
4000862230405,"Jus multifruit, pur jus, multivitamine",France,,,,5.0,82.96979776846872,Auchan,Oui
4002160092334,"Jus d'orange, maison",Allemagne,,51.165691,10.451526,4.0,62.544546313688116,Granini,Non
4009198418549,"Jus multifruit, pur jus, standard",France,,,,3.0,98.40802560779322,Zenat,Non
4411230570823,"Jus multifruit, pur jus, standard",France,,,,8.0,82.96979776846872,Dia,Non
5038862137317,"Jus multifruit, pur jus, standard",France,,,,4.0,98.12992946278438,Innocent,Non
5038862368209,"Jus multifruit, pur jus, standard",France,,,,4.0,73.84479776846872,innocent,Non
5060045381262,"Jus d'orange, maison",Royaume Uni,,55.378051,-3.435973,2.0,62.544546313688116,"New Covent Garden,New Covent Garden Food Company",Non
5290074003297,"Jus multifruit, pur jus, multivitamine",Chypre,,35.126413,33.429859,5.0,82.96979776846872,Fan,Non
5410188019162,"Jus d'orange, maison",Belgique,,50.503887,4.469936,4.0,62.544546313688116,Tropicana,Non
5410188028348,"Jus multifruit, pur jus, standard",Belgique,,50.503887,4.469936,3.0,73.84479776846872,"Tropicana,PepsiCo",Non
5410188031287,"Jus multifruit, pur jus, standard",Belgique,,50.503887,4.469936,1.0,81.02675998213846,Tropicana,Non
5410188031362,"Jus multifruit, pur jus, standard",Belgique,,50.503887,4.469936,2.0,75.55216745460606,Tropicana,Non
5410188505511,"Jus multifruit, pur jus, standard",Belgique,,50.503887,4.469936,14.0,73.84479776846872,Looza,Non
5410188511482,"Jus de pomme, pur jus",Belgique,,50.503887,4.469936,3.0,80.14016547336578,Looza,Non
5410188512199,"Jus d'orange, maison",Belgique,,50.503887,4.469936,7.0,62.544546313688116,Looza,Non
5425018441495,"Jus multifruit, pur jus, multivitamine",Belgique,,50.503887,4.469936,3.0,88.84479776846872,Le Pain Quotidien,Non
6085719605016,"Jus multifruit, pur jus, standard",France,,,,,95.58145966907148,Chymós La Nature en Bouteille,Non
7610057006363,"Jus de pomme, pur jus",Suisse,,46.818188,8.227512,,95.43991901445541,Ramseier,Non
7612300090037,"Jus multifruit, pur jus, standard",Suisse,,46.818188,8.227512,5.0,83.41293391767962,Mattinella,Non
8004691011040,"Jus multifruit, pur jus, standard",Italie,,41.87194,12.56738,-4.0,73.84479776846872,Limonino,Non
8004691700579,"Jus multifruit, pur jus, standard",Italie,,41.87194,12.56738,-4.0,73.84479776846872,"Giancarlo Polenghi,Polenghi",Non
8009490000127,"Jus multifruit, pur jus, standard",Italie,,41.87194,12.56738,-4.0,111.99688588214055,Siracuse,Non
8009490000196,"Jus multifruit, pur jus, standard",Italie,,41.87194,12.56738,-4.0,73.84479776846872,Siracuse,Non
8009490000561,"Jus multifruit, pur jus, standard",Italie,,41.87194,12.56738,-4.0,88.94688588214055,Siracuse,Non
8009490000592,"Jus multifruit, pur jus, standard",Italie,,41.87194,12.56738,-4.0,88.94688588214055,Siracuse,Non
8009490000608,"Jus multifruit, pur jus, standard",Italie,,41.87194,12.56738,-4.0,75.89479776846872,"Siracuse France,Justin Bridou,Siracuse",Non
8009490000653,"Jus multifruit, pur jus, standard",Italie,,41.87194,12.56738,-4.0,73.84479776846872,"Sans marque,Ital Lemon",Non
8009490001100,"Jus multifruit, pur jus, standard",Italie,,41.87194,12.56738,-4.0,73.84479776846872,"Siracuse,Terre de Citron,Ital Lemon",Non
8016438001016,"Jus multifruit, pur jus, standard",Italie,,41.87194,12.56738,-9.0,73.84479776846872,"Euromadi iberica s a,Limo Chef",Non
8016438001078,"Jus multifruit, pur jus, standard",Italie,,41.87194,12.56738,-4.0,73.84479776846872,Euro Food,Non
8016438001153,"Jus multifruit, pur jus, standard",Italie,,41.87194,12.56738,-4.0,88.84479776846872,La Bio Idea,Non
8016438001467,"Jus d'orange, maison",Italie,,41.87194,12.56738,,100.69663442735994,Juic,Non
8020542115019,"Jus multifruit, pur jus, standard",Italie,,41.87194,12.56738,-4.0,81.89479776846872,Limmi,Non
8031301880161,"Jus multifruit, pur jus, standard",Italie,,41.87194,12.56738,-4.0,97.94688588214055,Polenghi,Non
80629320,"Jus multifruit, pur jus, multivitamine",Italie,,41.87194,12.56738,4.0,81.89479776846872,Skipper,Non
8410280213113,"Jus multifruit, pur jus, multivitamine",Espagne,,40.463667,-3.74922,2.0,73.84479776846872,Cofrutos,Non
8437015393001,"Jus multifruit, pur jus, standard",Espagne,,40.463667,-3.74922,-5.0,88.84479776846872,Genuine Coconut,Non
8480017002815,"Jus de pomme, pur jus",France,Centre-Val de Loire,47.84133,1.9326591,4.0,85.46516547336579,Dia,Non
8480017006936,"Jus multifruit, pur jus, standard",France,Centre-Val de Loire,47.84133,1.9326591,6.0,79.16979776846873,Dia,Non
8480017021281,"Jus de pomme, pur jus",France,,,,4.0,104.26516547336578,Dia,Non
8480017027139,"Jus d'orange, maison",France,,,,4.0,71.66954631368812,Dia,Non
8480017100832,"Jus d'orange, maison",France,,,,2.0,77.54454631368812,Dia,Non
8480017352446,"Jus d'orange, maison",France,,,,4.0,62.544546313688116,Dia,Non
8697404763864,"Jus multifruit, pur jus, standard",Turquie,,38.963745,35.243322,7.0,88.84479776846872,Elite,Non
90087493,"Jus multifruit, pur jus, multivitamine",Autriche,,47.516231,14.550072,5.0,82.96979776846872,Rauch,Non
